duration, success rate, q[0], q[1], q[2], q[3], q[4], q[5], q[6],q_c[0], q_c[1], q_c[2], q_c[3], q_c[4], q_c[5], q_c[6],dq_m[0], dq_m[1], dq_m[2], dq_m[3], dq_m[4], dq_m[5], dq_m[6],dq_c[0], dq_c[1], dq_c[2], dq_c[3], dq_c[4], dq_c[5], dq_c[6],tau_m[0], tau_m[1], tau_m[2], tau_m[3], tau_m[4], tau_m[5], tau_m[6],sent commands,q_c[0], q_c[1], q_c[2], q_c[3], q_c[4], q_c[5], q_c[6],toolTobase_pos_c[0], toolTobase_pos_c[1], toolTobase_pos_c[2], toolTobase_pos_c[3], toolTobase_pos_c[4], toolTobase_pos_c[5], toolTobase_pos_c[6], toolTobase_pos_c[7], toolTobase_pos_c[8], toolTobase_pos_c[9], toolTobase_pos_c[10], toolTobase_pos_c[11], toolTobase_pos_c[12], toolTobase_pos_c[13], toolTobase_pos_c[14], toolTobase_pos_c[15],tau_c[0], tau_c[1], tau_c[2], tau_c[3], tau_c[4], tau_c[5], tau_c[6]
720987570897,1,0.0645053,0.58699,-0.000221468,0.99627,-0.0573963,1.63687,0.0611249,0.0645058,0.583214,-0.00022138,0.992505,-0.0574125,1.63692,0.0611692,0,0.01309,-0.00418879,-0.00733038,-0.00785398,-0.0798488,0.00523599,-9.38253e-05,0.0194285,-0.000412136,0.0305264,-0.00170445,-0.0344655,0.00163269,0.630667,-47.2412,-0.0972889,-18.5564,-0.433733,0.46747,0.44547,,0.0645053,0.58699,-0.000221468,0.99627,-0.0573963,1.63687,0.0611249,-0.99716,-0.0040233,-0.0752064,0.549397,0.000721921,0.998016,-0.0629626,0.109375,0.0753105,-0.0628381,-0.995178,0.210956,0,0,0,1,0,0,0,0,0,0,0
720988571466,1,0.0645049,0.587055,-0.000221229,0.996327,-0.0573954,1.63693,0.0611189,0.0645048,0.583262,-0.00022187,0.99258,-0.0574117,1.63697,0.0611672,0.0010472,0.0759218,0,0.0659734,0.001309,0.0667588,-0.00916298,-0.000923028,0.0447404,-0.000478905,0.0683191,0.00040465,0.0408725,-0.00147598,0.728444,-46.7523,0.0982667,-18.7031,-0.7004,0.894136,0.258803,,0.0645049,0.587055,-0.000221229,0.996327,-0.0573954,1.63693,0.0611189,-0.99712,-0.00406287,-0.0757282,0.549369,0.000748455,0.997988,-0.0633978,0.109373,0.0758334,-0.0632719,-0.995111,0.210918,0,0,0,1,0,0,0,0,0,0,0
720989569792,1,0.0645053,0.587073,-0.000220749,0.996322,-0.0573969,1.63687,0.061121,0.0645055,0.583278,-0.000221524,0.992606,-0.0574122,1.63692,0.06117,0,0.010472,0.0010472,-0.0146608,-0.00261799,-0.0746128,0,0.000461838,0.0196497,0.000233029,0.0319209,-0.00030271,-0.0351754,0.00223968,0.728444,-47.5345,-0.0972889,-18.7031,-0.5404,0.414136,0.338803,,0.0645053,0.587073,-0.000220749,0.996322,-0.0573969,1.63687,0.061121,-0.99715,-0.00403377,-0.0753393,0.549363,0.000720536,0.998015,-0.0629717,0.109373,0.0754438,-0.0628465,-0.995168,0.210891,0,0,0,1,0,0,0,0,0,0,0
720990570041,1,0.0645046,0.587136,-0.000221468,0.996381,-0.0573963,1.63694,0.0611166,0.0645051,0.583327,-0.000221269,0.992682,-0.057412,1.63697,0.0611671,-0.00314159,0.0654498,-0.00418879,0.0733038,-0.00523599,0.0942478,-0.010472,-0.000212545,0.0448376,0.000251404,0.0700906,0.000132226,0.0388488,-0.0022559,0.581778,-46.9967,-0.0972889,-18.752,-0.753733,0.894136,0.20547,,0.0645046,0.587136,-0.000221468,0.996381,-0.0573963,1.63694,0.0611166,-0.99711,-0.00407339,-0.0758631,0.549334,0.000747236,0.997987,-0.0634072,0.10937,0.0759687,-0.0632807,-0.9951,0.210854,0,0,0,1,0,0,0,0,0,0,0
720991571031,1,0.0645051,0.587156,-0.000221229,0.996376,-0.0573975,1.63687,0.0611216,0.0645051,0.583341,-0.000221648,0.992707,-0.0574124,1.63693,0.061171,0,0.015708,-0.0010472,-0.010472,-0.00261799,-0.0719948,0.011781,-6.70725e-05,0.018037,-0.000292125,0.030954,-0.000403944,-0.0346028,0.00312897,0.777333,-47.4367,0.0982667,-18.8987,-0.5404,0.440803,0.44547,,0.0645051,0.587156,-0.000221229,0.996376,-0.0573975,1.63687,0.0611216,-0.997139,-0.00404304,-0.075476,0.549327,0.000720623,0.998014,-0.0629813,0.10937,0.0755808,-0.0628555,-0.995157,0.210827,0,0,0,1,0,0,0,0,0,0,0
720992571217,1,0.0645051,0.587221,-0.00022051,0.996437,-0.0573946,1.63694,0.061116,0.0645047,0.583389,-0.000221493,0.992781,-0.057411,1.63698,0.0611682,0.00418879,0.0680678,0.00523599,0.0701622,0.00654498,0.0654498,-0.014399,-0.00037118,0.0442443,9.34259e-05,0.0681863,0.00122447,0.0377063,-0.00199699,0.532889,-46.9967,-0.0972889,-18.8498,-0.753733,0.78747,0.232136,,0.0645051,0.587221,-0.00022051,0.996437,-0.0573946,1.63694,0.061116,-0.997099,-0.00408326,-0.0760007,0.549298,0.000746764,0.997987,-0.0634157,0.109368,0.0761066,-0.0632885,-0.995089,0.210789,0,0,0,1,0,0,0,0,0,0,0
720993570297,1,0.0645053,0.58724,-0.000221229,0.996434,-0.0573975,1.63688,0.0611189,0.0645054,0.583404,-0.000221058,0.992806,-0.0574121,1.63693,0.0611702,0,0.0139626,-0.0010472,-0.0115192,-0.00392699,-0.0680678,0.00261799,0.000612874,0.0186477,0.000387931,0.0309844,-0.000771043,-0.0347043,0.00139945,0.826222,-47.7301,-0.0484,-18.8009,-0.4604,0.440803,0.36547,,0.0645053,0.58724,-0.000221229,0.996434,-0.0573975,1.63688,0.0611189,-0.997129,-0.00405364,-0.0756165,0.54929,0.000719572,0.998014,-0.0629901,0.109367,0.0757216,-0.0628637,-0.995145,0.210762,0,0,0,1,0,0,0,0,0,0,0
720994570592,1,0.0645041,0.587304,-0.000221468,0.996496,-0.057396,1.63694,0.0611154,0.0645049,0.583452,-0.000221412,0.992878,-0.0574109,1.63698,0.0611671,-0.00628319,0.0750492,-0.00418879,0.0753982,0,0.0785398,0,-0.000359857,0.0441259,-0.000252002,0.0668034,0.000880087,0.0365851,-0.0024768,0.532889,-47.1923,0.0493778,-18.6053,-0.673733,0.814136,0.20547,,0.0645041,0.587304,-0.000221468,0.996496,-0.057396,1.63694,0.0611154,-0.997088,-0.00409286,-0.0761441,0.549259,0.000747042,0.997986,-0.0634255,0.109365,0.0762504,-0.0632978,-0.995078,0.210723,0,0,0,1,0,0,0,0,0,0,0
720995570819,1,0.0645046,0.587322,-0.000220989,0.996495,-0.0573981,1.63688,0.0611177,0.0645051,0.583467,-0.000221668,0.992902,-0.057411,1.63693,0.0611708,0,0.0139626,0.00314159,-0.00733038,-0.00261799,-0.0746128,0.00785398,6.80118e-05,0.018901,-0.000254899,0.0298906,3.32315e-05,-0.0363482,0.00286116,0.924,-47.6323,-0.195067,-18.8498,-0.487067,0.440803,0.472136,,0.0645046,0.587322,-0.000220989,0.996495,-0.0573981,1.63688,0.0611177,-0.997118,-0.00406325,-0.0757615,0.54925,0.000719872,0.998013,-0.063,0.109364,0.075867,-0.062873,-0.995134,0.210696,0,0,0,1,0,0,0,0,0,0,0
720996571231,1,0.0645056,0.587385,-0.00022027,0.996562,-0.0573948,1.63695,0.0611121,0.0645055,0.583516,-0.000221082,0.992976,-0.0574084,1.63698,0.0611669,0.00418879,0.0610865,0.00523599,0.0785398,0.00916298,0.0733038,-0.010472,0.000382229,0.0453869,0.000469908,0.0674211,0.00222234,0.0368238,-0.00295829,0.581778,-47.1923,0.0493778,-18.752,-0.753733,0.86747,0.20547,,0.0645056,0.587385,-0.00022027,0.996562,-0.0573948,1.63695,0.0611121,-0.997077,-0.00410456,-0.0762911,0.549218,0.00074539,0.997986,-0.0634347,0.109363,0.0763978,-0.0633061,-0.995066,0.210657,0,0,0,1,0,0,0,0,0,0,0
720997570373,1,0.0645051,0.587404,-0.000220989,0.996562,-0.0573969,1.63689,0.0611163,0.064506,0.583531,-0.000221415,0.992998,-0.0574104,1.63693,0.0611692,-0.0010472,0.0174533,-0.0020944,-0.00523599,-0.00523599,-0.0693768,0.00392699,0.000460449,0.0186479,-0.000222925,0.0288321,-0.00139719,-0.0378125,0.00158649,0.679556,-47.8767,-0.195067,-18.752,-0.6204,0.440803,0.338803,,0.0645051,0.587404,-0.000220989,0.996562,-0.0573969,1.63689,0.0611163,-0.997106,-0.00407473,-0.0759112,0.549207,0.000718534,0.998013,-0.063009,0.109362,0.0760171,-0.0628812,-0.995122,0.210629,0,0,0,1,0,0,0,0,0,0,0
720998570455,1,0.0645041,0.587468,-0.000221708,0.996628,-0.0573954,1.63696,0.0611118,0.0645048,0.58358,-0.000221668,0.99307,-0.0574091,1.63698,0.0611672,-0.0020944,0.0741765,-0.00418879,0.0733038,0.001309,0.0785398,0,-0.000951071,0.0448476,-0.000248459,0.0653349,0.000912313,0.0368631,-0.0015154,0.581778,-47.2412,-0.243956,-18.3609,-0.833733,0.86747,0.152136,,0.0645041,0.587468,-0.000221708,0.996628,-0.0573954,1.63696,0.0611118,-0.997065,-0.0041144,-0.076443,0.549175,0.000745973,0.997985,-0.0634445,0.10936,0.0765501,-0.0633154,-0.995053,0.21059,0,0,0,1,0,0,0,0,0,0,0
720999570886,1,0.0645053,0.587486,-0.000220989,0.996632,-0.0573948,1.6369,0.0611163,0.0645055,0.583595,-0.000221082,0.993092,-0.0574103,1.63693,0.0611705,0.0020944,0.01309,0.0010472,-0.00733038,0.00261799,-0.0746128,0.00785398,0.000443688,0.0192479,0.000471128,0.028636,-0.000838037,-0.039558,0.00267568,0.630667,-47.6323,-0.195067,-18.312,-0.6204,0.46747,0.472136,,0.0645053,0.587486,-0.000220989,0.996632,-0.0573948,1.6369,0.0611163,-0.997094,-0.00408452,-0.0760658,0.549163,0.000719212,0.998012,-0.0630182,0.10936,0.076172,-0.0628898,-0.995109,0.210561,0,0,0,1,0,0,0,0,0,0,0
721000571351,1,0.0645049,0.58755,-0.000220749,0.9967,-0.0573943,1.63696,0.06111,0.0645058,0.583645,-0.000220795,0.993161,-0.0574083,1.63697,0.0611664,0,0.0715585,0,0.0837758,0.001309,0.0798488,-0.00785398,0.000318153,0.0457658,0.000312442,0.0633581,0.00153652,0.0352682,-0.00325033,0.679556,-47.1434,-0.390622,-18.312,-0.7804,0.894136,0.178803,,0.0645049,0.58755,-0.000220749,0.9967,-0.0573943,1.63696,0.06111,-0.997053,-0.00412552,-0.0766004,0.549129,0.000745563,0.997985,-0.0634536,0.109358,0.0767078,-0.0633237,-0.995041,0.210522,0,0,0,1,0,0,0,0,0,0,0
721001570196,1,0.0645049,0.587572,-0.000220989,0.996704,-0.057396,1.6369,0.061113,0.0645058,0.58366,-0.000221169,0.993179,-0.0574099,1.63692,0.0611691,-0.0010472,0.0191986,-0.0010472,0,-0.00392699,-0.0719948,0.00392699,7.90021e-05,0.0188941,-0.000279852,0.0241724,-0.00112313,-0.0388481,0.00195575,0.728444,-47.8278,-0.243956,-18.1653,-0.6204,0.520803,0.338803,,0.0645049,0.587572,-0.000220989,0.996704,-0.057396,1.6369,0.061113,-0.997082,-0.00409622,-0.076225,0.549117,0.000718341,0.998011,-0.0630282,0.109357,0.0763316,-0.062899,-0.995097,0.210492,0,0,0,1,0,0,0,0,0,0,0
721002570576,1,0.0645046,0.587637,-0.000220989,0.996771,-0.0573925,1.63697,0.0611091,0.0645048,0.583709,-0.000221427,0.993246,-0.0574088,1.63697,0.0611667,0,0.0680678,0,0.0764454,0.00523599,0.0785398,-0.00785398,-0.000876226,0.0452054,-0.000261123,0.0610994,0.000777519,0.0348242,-0.00185445,0.581778,-47.1923,-0.243956,-17.9698,-0.807067,0.94747,0.152136,,0.0645046,0.587637,-0.000220989,0.996771,-0.0573925,1.63697,0.0611091,-0.997041,-0.00413679,-0.0767613,0.549082,0.000745264,0.997984,-0.0634631,0.109355,0.0768691,-0.0633325,-0.995028,0.210451,0,0,0,1,0,0,0,0,0,0,0
721003571576,1,0.0645096,0.587659,-0.000221229,0.996772,-0.0574095,1.63691,0.0611216,0.0645061,0.583724,-0.000221463,0.993265,-0.0574084,1.63692,0.0611694,0.0251327,0.0226893,0,-0.0020944,-0.0706858,-0.0628319,0.0549779,0.00100659,0.0194901,-6.64301e-05,0.0243498,0.000457665,-0.0387605,0.00212965,0.924,-47.5345,-0.341733,-17.9698,-0.833733,0.600803,0.658803,,0.0645096,0.587659,-0.000221229,0.996772,-0.0574095,1.63691,0.0611216,-0.99707,-0.00410537,-0.0763869,0.54907,0.000720607,0.998011,-0.0630435,0.109353,0.0764938,-0.0629138,-0.995083,0.21042,0,0,0,1,0,0,0,0,0,0,0
721004571098,1,0.0645777,0.587735,-0.000221229,0.99684,-0.0575872,1.63699,0.061275,0.0645058,0.583773,-0.000220641,0.99333,-0.0574078,1.63697,0.0611662,0.0785398,0.0907571,-0.00314159,0.0806342,-0.195041,0.0890118,0.162316,-6.38367e-05,0.0443391,0.000700218,0.0595852,0.00055698,0.0357486,-0.00250195,1.51067,-46.8012,-0.0972889,-17.7253,-1.7404,1.05414,0.392136,,0.0645777,0.587735,-0.000221229,0.99684,-0.0575872,1.63699,0.061275,-0.997028,-0.00411147,-0.0769249,0.549039,0.000788063,0.997978,-0.0635539,0.109332,0.0770306,-0.0634257,-0.995009,0.210372,0,0,0,1,0,0,0,0,0,0,0
721005570445,1,0.0646345,0.587765,-0.000220749,0.996844,-0.0576714,1.63693,0.0613574,0.0645058,0.583788,-0.000221355,0.993348,-0.057409,1.63692,0.0611699,0.0534071,0.0253073,0,-0.00314159,-0.0589049,-0.0719948,0.0759218,-3.6506e-05,0.019687,-0.000520002,0.0237523,-0.000970581,-0.0382853,0.00284049,1.90178,-47.2901,-0.0972889,-17.8231,-1.79373,0.70747,0.60547,,0.0646345,0.587765,-0.000220749,0.996844,-0.0576714,1.63693,0.0613574,-0.997057,-0.00405266,-0.0765546,0.549028,0.000796663,0.998,-0.0632082,0.109318,0.0766576,-0.0630831,-0.99506,0.210332,0,0,0,1,0,0,0,0,0,0,0
721006570953,1,0.0647184,0.587842,-0.000220749,0.996922,-0.0578299,1.63701,0.061483,0.0645052,0.58384,-0.000221039,0.993415,-0.0574077,1.63696,0.0611668,0.0932006,0.0785398,0.00314159,0.090059,-0.158389,0.0837758,0.115192,-0.000543975,0.0467879,0.000200773,0.0612335,0.00106086,0.0358616,-0.00229455,2.19511,-46.4101,0.147156,-17.5298,-2.32707,1.1608,0.498803,,0.0647184,0.587842,-0.000220749,0.996922,-0.0578299,1.63701,0.061483,-0.997015,-0.00405903,-0.0770997,0.548994,0.000867487,0.997965,-0.0637573,0.109297,0.0772016,-0.0636339,-0.994983,0.210277,0,0,0,1,0,0,0,0,0,0,0
721007571355,1,0.0647687,0.587877,-0.000221708,0.996931,-0.0578685,1.63696,0.0615162,0.0645059,0.583855,-0.000221203,0.993434,-0.0574093,1.63691,0.0611689,0.0397935,0.0331613,-0.0010472,0.00523599,-0.015708,-0.0706858,0.00916298,0.000564848,0.0200584,-0.000113448,0.0245729,-0.00125125,-0.0375943,0.00154616,3.07511,-46.7523,0.147156,-17.1387,-1.92707,0.760803,0.68547,,0.0647687,0.587877,-0.000221708,0.996931,-0.0578685,1.63696,0.0615162,-0.997043,-0.00401631,-0.076738,0.548979,0.000860911,0.997987,-0.0634182,0.109288,0.0768382,-0.0632968,-0.995032,0.210232,0,0,0,1,0,0,0,0,0,0,0
721008571004,1,0.0648349,0.587958,-0.000222188,0.997013,-0.0579713,1.63703,0.0615989,0.064506,0.583907,-0.000221018,0.993502,-0.0574082,1.63696,0.0611664,0.0617847,0.0863938,-0.00628319,0.0942478,-0.102102,0.0903208,0.0890118,0.000165365,0.0472897,0.000143446,0.0623197,0.000751304,0.0360493,-0.00198495,3.31956,-45.7745,0.0982667,-16.8942,-2.0604,1.18747,0.52547,,0.0648349,0.587958,-0.000222188,0.997013,-0.0579713,1.63703,0.0615989,-0.997,-0.00404224,-0.0772926,0.548939,0.000911615,0.997953,-0.0639498,0.109277,0.0773928,-0.0638284,-0.994955,0.210175,0,0,0,1,0,0,0,0,0,0,0
721009570277,1,0.0648694,0.587994,-0.000221229,0.997027,-0.0579665,1.63697,0.0615968,0.064506,0.583926,-0.000221407,0.993523,-0.0574088,1.63691,0.0611697,0.0261799,0.0349066,0.00314159,0.00523599,0.019635,-0.0759218,-0.0287979,3.47616e-05,0.0225677,-0.000315239,0.0262828,-0.000439041,-0.0371098,0.0025475,3.51511,-46.5078,0.293822,-16.8942,-1.07373,0.654136,0.658803,,0.0648694,0.587994,-0.000221229,0.997027,-0.0579665,1.63697,0.0615968,-0.997028,-0.00401948,-0.0769381,0.54892,0.000883196,0.997976,-0.0635825,0.109279,0.077038,-0.0634615,-0.995006,0.210129,0,0,0,1,0,0,0,0,0,0,0
721010570080,1,0.0649185,0.588078,-0.000220749,0.997114,-0.0580357,1.63703,0.0616403,0.0645065,0.583979,-0.00022084,0.993593,-0.0574076,1.63696,0.061166,0.0492183,0.0968658,0.00418879,0.102625,-0.0772308,0.0759218,0.0575959,0.000363197,0.0493072,0.000445883,0.0638391,0.000980176,0.0372937,-0.00283071,3.22178,-45.6767,0.489378,-16.552,-1.0204,1.1608,0.578803,,0.0649185,0.588078,-0.000220749,0.997114,-0.0580357,1.63703,0.0616403,-0.996984,-0.00406673,-0.0774981,0.548877,0.000910701,0.997944,-0.0640832,0.109276,0.0775994,-0.0639605,-0.994931,0.210071,0,0,0,1,0,0,0,0,0,0,0
721011570808,1,0.0649365,0.588115,-0.000221948,0.997129,-0.0580048,1.63697,0.0616271,0.0645067,0.583997,-0.000221175,0.993612,-0.0574093,1.63691,0.0611678,0.00837758,0.0322886,-0.0020944,0.010472,0.0458149,-0.0746128,-0.0301069,0.000277465,0.0221824,-0.000228384,0.0255975,-0.00128343,-0.0370002,0.00118147,3.41733,-46.0678,0.636044,-16.4542,-0.407067,0.654136,0.658803,,0.0649365,0.588115,-0.000221948,0.997129,-0.0580048,1.63697,0.0616271,-0.997011,-0.00405403,-0.0771477,0.548856,0.000870096,0.99797,-0.0636869,0.109284,0.0772493,-0.0635636,-0.994984,0.210025,0,0,0,1,0,0,0,0,0,0,0
721012571237,1,0.0649713,0.588196,-0.000222907,0.997216,-0.0580621,1.63703,0.0616591,0.0645055,0.584051,-0.000221635,0.993682,-0.057409,1.63696,0.0611649,0.0397935,0.0820305,-0.00523599,0.0973894,-0.0719948,0.0798488,0.0458149,-0.00100096,0.0499066,-0.00042789,0.0641574,7.50476e-05,0.0370773,-0.00229796,3.124,-44.9923,1.2716,-16.3075,-0.353733,1.10747,0.498803,,0.0649713,0.588196,-0.000222907,0.997216,-0.0580621,1.63703,0.0616591,-0.996968,-0.0041059,-0.0777088,0.548813,0.000891437,0.997939,-0.0641648,0.109284,0.0778121,-0.0640395,-0.994909,0.209967,0,0,0,1,0,0,0,0,0,0,0
721013569929,1,0.064977,0.588234,-0.000222907,0.997234,-0.0580228,1.63696,0.0616301,0.064506,0.584069,-0.000221078,0.993702,-0.0574095,1.63691,0.0611684,-0.0010472,0.0357792,0.0010472,0.0136136,0.0536689,-0.0850848,-0.0523599,0.000255054,0.022503,0.000421958,0.0258762,-0.000401158,-0.0361697,0.0026914,3.02622,-45.7745,1.02716,-16.1609,0.0195999,0.734136,0.60547,,0.064977,0.588234,-0.000222907,0.997234,-0.0580228,1.63696,0.0616301,-0.996995,-0.0040977,-0.0773588,0.548792,0.000844851,0.997965,-0.0637507,0.109292,0.0774627,-0.0636244,-0.994963,0.209922,0,0,0,1,0,0,0,0,0,0,0
721014573976,1,0.0649993,0.588317,-0.000223626,0.99732,-0.0580726,1.63702,0.0616555,0.0645065,0.584121,-0.000220795,0.993769,-0.0574087,1.63697,0.0611643,0.0178024,0.0898845,0.0010472,0.0984366,-0.0536689,0.0706858,0.0366519,0.000445678,0.0474562,0.000302323,0.0615522,0.000557367,0.0390933,-0.00323126,2.87956,-44.699,1.2716,-15.9653,0.0462666,1.26747,0.498803,,0.0649993,0.588317,-0.000223626,0.99732,-0.0580726,1.63702,0.0616555,-0.996951,-0.00415029,-0.0779197,0.54875,0.000864483,0.997936,-0.0642144,0.109291,0.0780254,-0.0640859,-0.994889,0.209864,0,0,0,1,0,0,0,0,0,0,0
721015572374,1,0.0649957,0.588356,-0.000225064,0.997339,-0.0580339,1.63695,0.0616205,0.0645063,0.58414,-0.000221376,0.993788,-0.0574102,1.63692,0.0611668,-0.00837758,0.0349066,-0.0020944,0.0115192,0.0497419,-0.0837758,-0.0418879,-6.08072e-05,0.022716,-0.000460089,0.0247988,-0.00117726,-0.0356318,0.00173771,2.83067,-44.9434,1.12493,-16.3564,0.4196,0.78747,0.712136,,0.0649957,0.588356,-0.000225064,0.997339,-0.0580339,1.63695,0.0616205,-0.996978,-0.00414068,-0.0775705,0.548729,0.00081859,0.997963,-0.0637917,0.109297,0.0776767,-0.0636625,-0.994944,0.209818,0,0,0,1,0,0,0,0,0,0,0
721016571651,1,0.0650123,0.588444,-0.000226262,0.997429,-0.0580857,1.63701,0.0616484,0.0645055,0.584193,-0.000221663,0.993856,-0.0574088,1.63697,0.0611656,0.0230383,0.0994838,-0.0010472,0.103673,-0.0733038,0.0615229,0.0392699,-0.000738638,0.0488988,-0.000310427,0.0614838,0.00100409,0.0376421,-0.000799784,3.07511,-43.7212,1.02716,-16.112,0.232933,1.3208,0.44547,,0.0650123,0.588444,-0.000226262,0.997429,-0.0580857,1.63701,0.0616484,-0.996934,-0.00418947,-0.0781336,0.548688,0.000841934,0.997933,-0.064251,0.109293,0.0782413,-0.0641198,-0.99487,0.209759,0,0,0,1,0,0,0,0,0,0,0
721017570865,1,0.0650012,0.588486,-0.000226981,0.997449,-0.0580426,1.63694,0.0616142,0.0645064,0.584209,-0.000221495,0.993874,-0.05741,1.63692,0.0611677,-0.0198968,0.0375246,0,0.0178024,0.0602139,-0.0850848,-0.0575959,0.000690235,0.020581,0.000101813,0.0239084,-0.00081698,-0.0355945,0.00175444,2.87956,-44.3078,0.929378,-16.3075,0.552933,0.86747,0.552136,,0.0650012,0.588486,-0.000226981,0.997449,-0.0580426,1.63694,0.0616142,-0.996961,-0.00417449,-0.0777874,0.548667,0.000801142,0.997961,-0.0638237,0.109296,0.0778952,-0.0636921,-0.994925,0.209711,0,0,0,1,0,0,0,0,0,0,0
721018570980,1,0.065012,0.588574,-0.000227221,0.997539,-0.0580935,1.63699,0.0616373,0.0645065,0.58426,-0.000221059,0.99394,-0.0574096,1.63697,0.0611644,0.010472,0.0907571,-0.0010472,0.0973894,-0.0628319,0.0719948,0.0445059,0.000203467,0.0467988,0.000390579,0.0603487,0.000202685,0.0392406,-0.00262487,3.07511,-43.1834,0.978267,-16.4053,0.152933,1.26747,0.52547,,0.065012,0.588574,-0.000227221,0.997539,-0.0580935,1.63699,0.0616373,-0.996917,-0.0042201,-0.0783528,0.548626,0.000827661,0.997932,-0.0642795,0.109289,0.078462,-0.0641462,-0.994851,0.209651,0,0,0,1,0,0,0,0,0,0,0
721019571095,1,0.0649986,0.588617,-0.00022818,0.997561,-0.0580516,1.63692,0.0616037,0.0645065,0.584276,-0.000221412,0.993957,-0.0574106,1.63692,0.0611678,-0.0167552,0.0418879,-0.0010472,0.015708,0.0523599,-0.0890118,-0.0405789,4.28607e-05,0.0203418,-0.000251433,0.0228999,-0.000820862,-0.0360482,0.00259083,3.124,-43.5745,0.782711,-16.4053,0.152933,0.760803,0.68547,,0.0649986,0.588617,-0.00022818,0.997561,-0.0580516,1.63692,0.0616037,-0.996944,-0.00420184,-0.0780081,0.548606,0.000789997,0.997959,-0.0638504,0.109289,0.0781172,-0.0637169,-0.994906,0.209602,0,0,0,1,0,0,0,0,0,0,0
721020571726,1,0.065007,0.588705,-0.00022818,0.997651,-0.0580983,1.63697,0.061625,0.0645063,0.584326,-0.000221668,0.994022,-0.0574097,1.63697,0.0611644,0.0125664,0.0968658,0.0010472,0.102625,-0.0589049,0.0562869,0.0340339,-0.00017045,0.0461781,-0.000254792,0.0592012,0.000662688,0.0350722,-0.00258377,3.07511,-42.3523,1.51604,-16.6498,-0.407067,1.13414,0.418803,,0.065007,0.588705,-0.00022818,0.997651,-0.0580983,1.63697,0.061625,-0.996899,-0.00424541,-0.0785734,0.548565,0.000818443,0.99793,-0.0643033,0.109281,0.0786837,-0.0641682,-0.994832,0.20954,0,0,0,1,0,0,0,0,0,0,0
721021570674,1,0.0649905,0.588748,-0.000228419,0.997673,-0.0580534,1.6369,0.061595,0.0645069,0.584341,-0.000221496,0.994037,-0.0574111,1.63692,0.0611663,-0.0230383,0.0375246,-0.0010472,0.015708,0.0628319,-0.0863938,-0.0471239,0.000487539,0.0189867,0.000113157,0.0209984,-0.00114043,-0.0360694,0.00124847,3.22178,-42.9878,1.32049,-16.6009,-0.433733,0.654136,0.552136,,0.0649905,0.588748,-0.000228419,0.997673,-0.0580534,1.6369,0.061595,-0.996926,-0.00422337,-0.0782294,0.548545,0.000784265,0.997958,-0.0638711,0.109281,0.0783394,-0.0637362,-0.994887,0.209491,0,0,0,1,0,0,0,0,0,0,0
721022571352,1,0.0649974,0.588839,-0.000229857,0.997765,-0.0580986,1.63696,0.0616238,0.0645064,0.584391,-0.000221472,0.994101,-0.0574103,1.63698,0.0611632,0.00942478,0.101229,-0.00733038,0.10472,-0.0615229,0.0746128,0.0445059,-0.000398059,0.046115,3.58769e-05,0.0588791,0.000566261,0.0404965,-0.0025072,2.92844,-41.9123,1.66271,-16.6009,-1.0204,0.974136,0.498803,,0.0649974,0.588839,-0.000229857,0.997765,-0.0580986,1.63696,0.0616238,-0.996881,-0.00426102,-0.0787982,0.548504,0.000818813,0.997929,-0.064322,0.109272,0.0789091,-0.0641859,-0.994813,0.209429,0,0,0,1,0,0,0,0,0,0,0
721023571246,1,0.0649813,0.588884,-0.000229857,0.997789,-0.0580489,1.63688,0.0615878,0.0645065,0.584404,-0.000221676,0.994116,-0.0574112,1.63692,0.0611674,-0.0188496,0.0401426,0.00314159,0.0251327,0.0602139,-0.0890118,-0.0536689,5.98842e-05,0.017211,-0.000170666,0.020589,-0.000714925,-0.0383701,0.00330162,3.22178,-42.3523,1.51604,-16.8453,-0.887067,0.46747,0.632136,,0.0649813,0.588884,-0.000229857,0.997789,-0.0580489,1.63688,0.0615878,-0.996908,-0.00423783,-0.0784579,0.548484,0.000785673,0.997957,-0.0638867,0.109272,0.0785684,-0.0637509,-0.994868,0.209378,0,0,0,1,0,0,0,0,0,0,0
721024570827,1,0.0649881,0.588974,-0.000231056,0.997881,-0.0580893,1.63694,0.0616115,0.0645067,0.584451,-0.00022129,0.994177,-0.0574095,1.63697,0.0611633,0.00837758,0.0898845,0.00314159,0.101578,-0.0549779,0.0719948,0.0379609,0.000202333,0.0432501,0.000309227,0.0550267,0.00135387,0.0368637,-0.00305974,2.87956,-41.0812,1.51604,-16.7475,-1.4204,0.760803,0.418803,,0.0649881,0.588974,-0.000231056,0.997881,-0.0580893,1.63694,0.0616115,-0.996863,-0.00427681,-0.079029,0.548441,0.000818851,0.997928,-0.0643338,0.109265,0.0791404,-0.0641967,-0.994794,0.209316,0,0,0,1,0,0,0,0,0,0,0
721025570892,1,0.0649722,0.589017,-0.000232494,0.997908,-0.0580372,1.63687,0.0615824,0.0645068,0.584464,-0.000221444,0.99419,-0.0574119,1.63692,0.0611654,-0.0167552,0.0401426,-0.00314159,0.0188496,0.0628319,-0.0877028,-0.0471239,5.44328e-05,0.0172011,-9.02518e-05,0.0188253,-0.00184455,-0.0377634,0.00132734,3.02622,-41.8634,1.32049,-16.6498,-0.993733,0.280803,0.552136,,0.0649722,0.589017,-0.000232494,0.997908,-0.0580372,1.63687,0.0615824,-0.99689,-0.00425128,-0.0786917,0.54842,0.000787923,0.997956,-0.0638957,0.109266,0.0788025,-0.063759,-0.994849,0.209266,0,0,0,1,0,0,0,0,0,0,0
721026570161,1,0.0649801,0.589105,-0.000233692,0.998003,-0.0580768,1.63693,0.0616088,0.0645061,0.584511,-0.000221672,0.994249,-0.0574106,1.63697,0.0611631,0.0146608,0.0994838,-0.00628319,0.11205,-0.0602139,0.0719948,0.0458149,-0.00052402,0.0430041,-0.000208998,0.0540798,0.000805838,0.0364299,-0.00180763,2.684,-40.8367,0.929378,-16.7475,-1.39373,0.62747,0.578803,,0.0649801,0.589105,-0.000233692,0.998003,-0.0580768,1.63693,0.0616088,-0.996844,-0.00428846,-0.0792659,0.548376,0.000823059,0.997928,-0.0643408,0.109259,0.0793776,-0.064203,-0.994775,0.209203,0,0,0,1,0,0,0,0,0,0,0
721027571466,1,0.0649653,0.589145,-0.000233453,0.998028,-0.0580231,1.63686,0.0615782,0.0645069,0.584522,-0.00022129,0.994259,-0.0574099,1.63692,0.0611661,-0.0188496,0.0383972,0.0010472,0.0219911,0.0680678,-0.0785398,-0.0510509,0.000568613,0.0150526,0.000301078,0.0161012,0.000702022,-0.037894,0.00237734,2.48844,-41.2767,0.636044,-16.8942,-0.967067,0.14747,0.658803,,0.0649653,0.589145,-0.000233453,0.998028,-0.0580231,1.63686,0.0615782,-0.996871,-0.00426301,-0.0789303,0.548353,0.000791877,0.997956,-0.0639006,0.109261,0.0790414,-0.0637631,-0.99483,0.209153,0,0,0,1,0,0,0,0,0,0,0
721028572102,1,0.0649742,0.589235,-0.000232973,0.998123,-0.0580621,1.63693,0.0616052,0.0645072,0.584569,-0.000220824,0.994318,-0.0574086,1.63697,0.0611626,0.00837758,0.0959931,0.0010472,0.105767,-0.0445059,0.0746128,0.0458149,0.000344407,0.0421214,0.000443387,0.0529928,0.00129249,0.0368482,-0.0026578,2.244,-40.2012,0.782711,-16.992,-1.28707,0.574136,0.418803,,0.0649742,0.589235,-0.000232973,0.998123,-0.0580621,1.63693,0.0616052,-0.996825,-0.00430112,-0.0795073,0.548307,0.000826231,0.997927,-0.064344,0.109256,0.0796193,-0.0642054,-0.994755,0.209091,0,0,0,1,0,0,0,0,0,0,0
721029571207,1,0.064961,0.589279,-0.000232973,0.998148,-0.0580132,1.63686,0.0615758,0.0645074,0.58458,-0.000220966,0.994329,-0.0574089,1.63692,0.0611653,-0.0146608,0.0418879,-0.0010472,0.0188496,0.0549779,-0.0759218,-0.0366519,0.000262241,0.0158912,-6.23041e-05,0.0167459,-0.000104271,-0.0364388,0.0019011,1.90178,-41.1301,0.342711,-16.8942,-0.727067,0.200803,0.552136,,0.064961,0.589279,-0.000232973,0.998148,-0.0580132,1.63686,0.0615758,-0.996852,-0.00427628,-0.0791756,0.548283,0.000794661,0.997956,-0.0639048,0.109258,0.079287,-0.0637665,-0.99481,0.209041,0,0,0,1,0,0,0,0,0,0,0
721030570365,1,0.064973,0.589369,-0.000232973,0.998236,-0.0580552,1.63693,0.0616007,0.0645067,0.584626,-0.0002214,0.994387,-0.0574087,1.63697,0.0611623,0.0198968,0.0907571,-0.0010472,0.0973894,-0.0667588,0.0706858,0.0353429,-0.000648018,0.0414764,-0.000382237,0.0522985,0.000169981,0.035456,-0.00232659,1.51067,-40.2012,0.489378,-16.8453,-0.967067,0.654136,0.498803,,0.064973,0.589369,-0.000232973,0.998236,-0.0580552,1.63693,0.0616007,-0.996805,-0.00431669,-0.0797533,0.548237,0.000827034,0.997927,-0.0643501,0.109253,0.0798658,-0.0642105,-0.994735,0.208979,0,0,0,1,0,0,0,0,0,0,0
721031571066,1,0.0649617,0.589412,-0.000232254,0.998258,-0.0580039,1.63687,0.0615705,0.0645078,0.584639,-0.000221045,0.994398,-0.0574092,1.63692,0.0611652,-0.0167552,0.0410152,0,0.0136136,0.0693768,-0.0733038,-0.0523599,0.000887414,0.0167389,0.000252979,0.0161863,-0.000397318,-0.0364026,0.00222401,1.21733,-40.7878,0.244933,-16.9431,-0.4604,0.22747,0.632136,,0.0649617,0.589412,-0.000232254,0.998258,-0.0580039,1.63687,0.0615705,-0.996832,-0.00429431,-0.0794222,0.548212,0.000792941,0.997955,-0.0639111,0.109257,0.0795343,-0.0637716,-0.99479,0.20893,0,0,0,1,0,0,0,0,0,0,0
721032570981,1,0.0649744,0.589502,-0.000232254,0.998348,-0.0580495,1.63694,0.061598,0.0645079,0.584687,-0.000220583,0.994459,-0.0574079,1.63697,0.0611615,0.0136136,0.0977384,-0.0020944,0.103673,-0.0589049,0.0877028,0.0471239,0.000255905,0.0439512,0.000433444,0.055012,0.00100259,0.0395059,-0.0029131,0.826222,-39.859,0.000488873,-16.992,-0.6204,0.734136,0.392136,,0.0649744,0.589502,-0.000232254,0.998348,-0.0580495,1.63694,0.061598,-0.996785,-0.00433567,-0.0800017,0.548165,0.000824714,0.997927,-0.0643579,0.109252,0.0801149,-0.064217,-0.994715,0.208868,0,0,0,1,0,0,0,0,0,0,0
721033570133,1,0.0649667,0.589544,-0.000231535,0.998367,-0.0580025,1.63688,0.0615693,0.064508,0.5847,-0.00022114,0.99447,-0.0574093,1.63692,0.0611651,-0.00942478,0.0392699,0.0020944,0.015708,0.0523599,-0.0719948,-0.0405789,5.35433e-05,0.0169565,-0.000420896,0.0174772,-0.00105508,-0.0375209,0.00272581,0.386222,-40.9345,-0.195067,-16.6987,-0.2204,0.30747,0.60547,,0.0649667,0.589544,-0.000231535,0.998367,-0.0580025,1.63688,0.0615693,-0.996812,-0.00431444,-0.07967,0.54814,0.000789526,0.997955,-0.0639215,0.109256,0.0797828,-0.0637806,-0.99477,0.20882,0,0,0,1,0,0,0,0,0,0,0
721034570463,1,0.0649825,0.589634,-0.000231296,0.998453,-0.058048,1.63694,0.0615956,0.0645082,0.584748,-0.000220803,0.994531,-0.0574074,1.63697,0.061161,0.0219911,0.0959931,0.0020944,0.0963422,-0.0575959,0.0746128,0.0379609,0.000188263,0.0439643,0.000233017,0.055137,0.00147521,0.0337709,-0.00321021,0.386222,-40.2012,-0.390622,-16.8453,-0.513733,0.734136,0.498803,,0.0649825,0.589634,-0.000231296,0.998453,-0.058048,1.63694,0.0615956,-0.996765,-0.00435835,-0.0802479,0.548094,0.000818885,0.997926,-0.06437,0.109252,0.080362,-0.0642275,-0.994694,0.208759,0,0,0,1,0,0,0,0,0,0,0
721035570963,1,0.0649746,0.589679,-0.000231056,0.998471,-0.0580039,1.63689,0.0615675,0.0645086,0.584763,-0.000220757,0.994545,-0.057409,1.63692,0.0611635,-0.0125664,0.0401426,0,0.00942478,0.0562869,-0.0746128,-0.0510509,0.000407458,0.0190372,7.19225e-05,0.0194494,-0.00113587,-0.0384058,0.00174284,0.0928889,-40.9834,-0.830622,-16.992,-0.3004,0.38747,0.658803,,0.0649746,0.589679,-0.000231056,0.998471,-0.0580039,1.63689,0.0615675,-0.996792,-0.0043381,-0.0799164,0.548069,0.000782808,0.997954,-0.0639358,0.109256,0.0800302,-0.0637933,-0.994749,0.20871,0,0,0,1,0,0,0,0,0,0,0
721036580286,1,0.0649909,0.589769,-0.000230097,0.998554,-0.058051,1.63696,0.0615956,0.0645083,0.584814,-0.000220544,0.994608,-0.0574071,1.63697,0.0611607,0.0198968,0.0933751,-0.00418879,0.0963422,-0.0654498,0.0968658,0.0458149,-0.000248428,0.0464679,0.000193742,0.0569249,0.00144412,0.0367577,-0.00213666,0.044,-40.0545,-0.586178,-16.992,-0.673733,0.734136,0.418803,,0.0649909,0.589769,-0.000230097,0.998554,-0.058051,1.63696,0.0615956,-0.996745,-0.00438247,-0.0804948,0.548022,0.000812019,0.997925,-0.0643861,0.109251,0.0806099,-0.0642419,-0.994673,0.20865,0,0,0,1,0,0,0,0,0,0,0

